scenario,legacy_haircut,tokenized_haircut,legacy_buffer_ratio,tokenized_buffer_ratio,additional_usable_collateral,capital_liberated,book_wacc_change,market_wacc_change,roe_change
Normal Market,0.05,0.03,0.2,0.14,0.4824299999999937,1.4472900000000024,-0.0024150620105574533,-9.171013140420181e-05,0.0007851518316086548
Moderate Stress,0.08,0.05,0.24,0.16,0.7236450000000048,1.9297199999999997,-0.0007245186031672318,-2.751303942125083e-05,0.0010468691088114657
Severe Stress,0.12,0.08,0.3,0.18,0.9648600000000158,2.8945799999999977,0.0009660248042229758,3.6684052561686276e-05,0.0015703036632170875
2008-Style Liquidity Shock,0.18,0.12,0.35,0.24,1.4472900000000095,2.653365000000001,0.0024150620105574533,9.171013140420181e-05,0.001439445024615793
