scenario,tokenized_share,tokenized_collateral_pool,additional_usable_collateral,capital_liberated,mixed_collateral_efficiency,book_wacc_change,market_wacc_change,roe_change
Conservative,0.1,9.648600000000002,0.1929720000000117,0.5789160000000031,0.9520000000000001,-0.0009177235640118325,-4.796084139696566e-05,0.00031406073264328427
Moderate,0.25,24.1215,0.4824299999999937,1.4472900000000024,0.9549999999999998,-0.0009177235640118325,-4.796084139696566e-05,0.0007851518316086548
Aggressive,0.4,38.59440000000001,0.7718880000000041,2.3156640000000017,0.958,-0.0009177235640118325,-4.796084139696566e-05,0.0012562429305738032
